{
  "Version": 1,
  "ManifestType": "Publish",
  "Endpoints": [
    {
      "Route": "img/bg.dz5kn9iugj.jpg",
      "AssetFile": "img/bg.jpg",
      "Selectors": [],
      "ResponseHeaders": [
        {
          "Name": "Accept-Ranges",
          "Value": "bytes"
        },
        {
          "Name": "Cache-Control",
          "Value": "max-age=31536000, immutable"
        },
        {
          "Name": "Content-Length",
          "Value": "509330"
        },
        {
          "Name": "Content-Type",
          "Value": "image/jpeg"
        },
        {
          "Name": "ETag",
          "Value": "\"STYCvxXRZnEEPopcZH4KBSxkh7/+apQhtTiboeuCJYU=\""
        },
        {
          "Name": "Last-Modified",
          "Value": "Wed, 29 Jan 2025 12:18:15 GMT"
        }
      ],
      "EndpointProperties": [
        {
          "Name": "fingerprint",
          "Value": "dz5kn9iugj"
        },
        {
          "Name": "integrity",
          "Value": "sha256-STYCvxXRZnEEPopcZH4KBSxkh7/+apQhtTiboeuCJYU="
        },
        {
          "Name": "label",
          "Value": "img/bg.jpg"
        }
      ]
    },
    {
      "Route": "img/bg.jpg",
      "AssetFile": "img/bg.jpg",
      "Selectors": [],
      "ResponseHeaders": [
        {
          "Name": "Accept-Ranges",
          "Value": "bytes"
        },
        {
          "Name": "Cache-Control",
          "Value": "max-age=3600, must-revalidate"
        },
        {
          "Name": "Content-Length",
          "Value": "509330"
        },
        {
          "Name": "Content-Type",
          "Value": "image/jpeg"
        },
        {
          "Name": "ETag",
          "Value": "\"STYCvxXRZnEEPopcZH4KBSxkh7/+apQhtTiboeuCJYU=\""
        },
        {
          "Name": "Last-Modified",
          "Value": "Wed, 29 Jan 2025 12:18:15 GMT"
        }
      ],
      "EndpointProperties": [
        {
          "Name": "integrity",
          "Value": "sha256-STYCvxXRZnEEPopcZH4KBSxkh7/+apQhtTiboeuCJYU="
        }
      ]
    },
    {
      "Route": "index.html",
      "AssetFile": "index.html",
      "Selectors": [],
      "ResponseHeaders": [
        {
          "Name": "Accept-Ranges",
          "Value": "bytes"
        },
        {
          "Name": "Cache-Control",
          "Value": "no-cache"
        },
        {
          "Name": "Content-Length",
          "Value": "3487"
        },
        {
          "Name": "Content-Type",
          "Value": "text/html"
        },
        {
          "Name": "ETag",
          "Value": "\"jASCzIzYR7Xm2OoGoHManpPms4uRuPqsrHg8kW5pEnw=\""
        },
        {
          "Name": "Last-Modified",
          "Value": "Wed, 29 Jan 2025 12:18:15 GMT"
        }
      ],
      "EndpointProperties": [
        {
          "Name": "integrity",
          "Value": "sha256-jASCzIzYR7Xm2OoGoHManpPms4uRuPqsrHg8kW5pEnw="
        }
      ]
    },
    {
      "Route": "index.whjjq6mqoc.html",
      "AssetFile": "index.html",
      "Selectors": [],
      "ResponseHeaders": [
        {
          "Name": "Accept-Ranges",
          "Value": "bytes"
        },
        {
          "Name": "Cache-Control",
          "Value": "max-age=31536000, immutable"
        },
        {
          "Name": "Content-Length",
          "Value": "3487"
        },
        {
          "Name": "Content-Type",
          "Value": "text/html"
        },
        {
          "Name": "ETag",
          "Value": "\"jASCzIzYR7Xm2OoGoHManpPms4uRuPqsrHg8kW5pEnw=\""
        },
        {
          "Name": "Last-Modified",
          "Value": "Wed, 29 Jan 2025 12:18:15 GMT"
        }
      ],
      "EndpointProperties": [
        {
          "Name": "fingerprint",
          "Value": "whjjq6mqoc"
        },
        {
          "Name": "integrity",
          "Value": "sha256-jASCzIzYR7Xm2OoGoHManpPms4uRuPqsrHg8kW5pEnw="
        },
        {
          "Name": "label",
          "Value": "index.html"
        }
      ]
    }
  ]
}